{"cameraMode":{"drawMode":0,"name":"Shaded","section":"Shading Mode"},"sceneLighting":true,"audioPlay":false,"sceneViewState":{"m_AlwaysRefresh":false,"showFog":true,"showSkybox":true,"showFlares":true,"showImageEffects":true,"showParticleSystems":true,"showVisualEffectGraphs":true,"m_FxEnabled":true},"in2DMode":false,"pivot":{"x":583.6122436523438,"y":289.1036376953125,"z":101.84786224365235},"rotation":{"x":-0.022806523367762567,"y":-0.009900137782096863,"z":0.00022576373885385692,"w":-0.999692440032959},"size":112.3753662109375,"orthographic":false}